-- phpMyAdmin SQL Dump
-- version 5.1.1
-- https://www.phpmyadmin.net/
--
-- Host: 127.0.0.1
-- Waktu pembuatan: 21 Jun 2022 pada 09.41
-- Versi server: 10.4.22-MariaDB
-- Versi PHP: 7.4.27

SET SQL_MODE = "NO_AUTO_VALUE_ON_ZERO";
START TRANSACTION;
SET time_zone = "+00:00";


/*!40101 SET @OLD_CHARACTER_SET_CLIENT=@@CHARACTER_SET_CLIENT */;
/*!40101 SET @OLD_CHARACTER_SET_RESULTS=@@CHARACTER_SET_RESULTS */;
/*!40101 SET @OLD_COLLATION_CONNECTION=@@COLLATION_CONNECTION */;
/*!40101 SET NAMES utf8mb4 */;

--
-- Database: `ci_online_test`
--

-- --------------------------------------------------------

--
-- Struktur dari tabel `dosen`
--

CREATE TABLE `dosen` (
  `id_dosen` int(11) NOT NULL,
  `nip` char(12) NOT NULL,
  `nama_dosen` varchar(50) NOT NULL,
  `email` varchar(254) NOT NULL,
  `matkul_id` int(11) NOT NULL
) ENGINE=InnoDB DEFAULT CHARSET=latin1;

--
-- Dumping data untuk tabel `dosen`
--

INSERT INTO `dosen` (`id_dosen`, `nip`, `nama_dosen`, `email`, `matkul_id`) VALUES
(1, '1234567801', 'Guru Bahasa Inggris SMP PRE', 'gurusmp01@kkn.com', 1),
(2, '1234567802', 'Guru Bahasa Inggris SMP POST', 'gurusmp02@kkn.com', 4),
(3, '12345678131', 'Guru Bahasa Inggris SD 1 - 3 PRE', 'gurusd131@kkn.com', 2),
(4, '12345678132', 'Guru Bahasa Inggris SD 1 - 3 POST', 'gurusd132@kkn.com', 6),
(5, '12345678461', 'Guru Bahasa Inggris SD 4 - 6 PRE', 'gurusd461@kkn.com', 3),
(6, '12345678462', 'Guru Bahasa Inggris SD 4 - 6 POST', 'gurusd462@kkn.com', 5);

--
-- Trigger `dosen`
--
DELIMITER $$
CREATE TRIGGER `edit_user_dosen` BEFORE UPDATE ON `dosen` FOR EACH ROW UPDATE `users` SET `email` = NEW.email, `username` = NEW.nip WHERE `users`.`username` = OLD.nip
$$
DELIMITER ;
DELIMITER $$
CREATE TRIGGER `hapus_user_dosen` BEFORE DELETE ON `dosen` FOR EACH ROW DELETE FROM `users` WHERE `users`.`username` = OLD.nip
$$
DELIMITER ;

-- --------------------------------------------------------

--
-- Struktur dari tabel `groups`
--

CREATE TABLE `groups` (
  `id` mediumint(8) UNSIGNED NOT NULL,
  `name` varchar(20) NOT NULL,
  `description` varchar(100) NOT NULL
) ENGINE=InnoDB DEFAULT CHARSET=utf8;

--
-- Dumping data untuk tabel `groups`
--

INSERT INTO `groups` (`id`, `name`, `description`) VALUES
(1, 'admin', 'Administrator'),
(2, 'dosen', 'Pembuat Soal dan ujian'),
(3, 'mahasiswa', 'Peserta Ujian');

-- --------------------------------------------------------

--
-- Struktur dari tabel `h_ujian`
--

CREATE TABLE `h_ujian` (
  `id` int(11) NOT NULL,
  `ujian_id` int(11) NOT NULL,
  `mahasiswa_id` int(11) NOT NULL,
  `list_soal` longtext NOT NULL,
  `list_jawaban` longtext NOT NULL,
  `jml_benar` int(11) NOT NULL,
  `nilai` decimal(10,2) NOT NULL,
  `nilai_bobot` decimal(10,2) NOT NULL,
  `tgl_mulai` datetime NOT NULL,
  `tgl_selesai` datetime NOT NULL,
  `status` enum('Y','N') NOT NULL
) ENGINE=InnoDB DEFAULT CHARSET=utf8;

-- --------------------------------------------------------

--
-- Struktur dari tabel `jurusan`
--

CREATE TABLE `jurusan` (
  `id_jurusan` int(11) NOT NULL,
  `nama_jurusan` varchar(30) NOT NULL
) ENGINE=InnoDB DEFAULT CHARSET=utf8;

--
-- Dumping data untuk tabel `jurusan`
--

INSERT INTO `jurusan` (`id_jurusan`, `nama_jurusan`) VALUES
(1, 'Kampoeng Semanggi');

-- --------------------------------------------------------

--
-- Struktur dari tabel `jurusan_matkul`
--

CREATE TABLE `jurusan_matkul` (
  `id` int(11) NOT NULL,
  `matkul_id` int(11) NOT NULL,
  `jurusan_id` int(11) NOT NULL
) ENGINE=InnoDB DEFAULT CHARSET=utf8;

--
-- Dumping data untuk tabel `jurusan_matkul`
--

INSERT INTO `jurusan_matkul` (`id`, `matkul_id`, `jurusan_id`) VALUES
(1, 1, 1),
(2, 4, 1),
(3, 2, 1),
(4, 3, 1),
(5, 5, 1),
(6, 6, 1);

-- --------------------------------------------------------

--
-- Struktur dari tabel `kelas`
--

CREATE TABLE `kelas` (
  `id_kelas` int(11) NOT NULL,
  `nama_kelas` varchar(30) NOT NULL,
  `jurusan_id` int(11) NOT NULL
) ENGINE=InnoDB DEFAULT CHARSET=utf8;

--
-- Dumping data untuk tabel `kelas`
--

INSERT INTO `kelas` (`id_kelas`, `nama_kelas`, `jurusan_id`) VALUES
(11, '1 - 3 SD', 1),
(12, '4 - 6 SD', 1),
(13, 'SMP', 1);

-- --------------------------------------------------------

--
-- Struktur dari tabel `kelas_dosen`
--

CREATE TABLE `kelas_dosen` (
  `id` int(11) NOT NULL,
  `kelas_id` int(11) NOT NULL,
  `dosen_id` int(11) NOT NULL
) ENGINE=InnoDB DEFAULT CHARSET=utf8;

--
-- Dumping data untuk tabel `kelas_dosen`
--

INSERT INTO `kelas_dosen` (`id`, `kelas_id`, `dosen_id`) VALUES
(1, 13, 1),
(2, 13, 2),
(3, 11, 3),
(4, 11, 4),
(5, 12, 5),
(6, 12, 6);

-- --------------------------------------------------------

--
-- Struktur dari tabel `login_attempts`
--

CREATE TABLE `login_attempts` (
  `id` int(11) UNSIGNED NOT NULL,
  `ip_address` varchar(45) NOT NULL,
  `login` varchar(100) NOT NULL,
  `time` int(11) UNSIGNED DEFAULT NULL
) ENGINE=InnoDB DEFAULT CHARSET=utf8;

--
-- Dumping data untuk tabel `login_attempts`
--

INSERT INTO `login_attempts` (`id`, `ip_address`, `login`, `time`) VALUES
(49, '::1', 'gurusd@kkn.com', 1655784445),
(50, '::1', 'gurusd@kkn.com', 1655784458);

-- --------------------------------------------------------

--
-- Struktur dari tabel `mahasiswa`
--

CREATE TABLE `mahasiswa` (
  `id_mahasiswa` int(11) NOT NULL,
  `nama` varchar(50) NOT NULL,
  `nim` char(20) NOT NULL,
  `email` varchar(254) NOT NULL,
  `jenis_kelamin` enum('L','P') NOT NULL,
  `kelas_id` int(11) NOT NULL COMMENT 'kelas&jurusan'
) ENGINE=InnoDB DEFAULT CHARSET=latin1;

-- --------------------------------------------------------

--
-- Struktur dari tabel `matkul`
--

CREATE TABLE `matkul` (
  `id_matkul` int(11) NOT NULL,
  `nama_matkul` varchar(50) NOT NULL
) ENGINE=InnoDB DEFAULT CHARSET=utf8;

--
-- Dumping data untuk tabel `matkul`
--

INSERT INTO `matkul` (`id_matkul`, `nama_matkul`) VALUES
(1, 'PRE TEST  BAHASA INGGRIS SMP'),
(2, 'PRE TEST BAHASA INGGRIS 1 - 3 SD'),
(3, 'PRE TEST BAHASA INGGRIS 4 - 6 SD'),
(4, 'POST TEST BAHASA INGGRIS SMP'),
(5, 'POST TEST BAHASA INGGRIS 4 - 6 SD'),
(6, 'POST TEST BAHASA INGGRIS 1 - 3 SD');

-- --------------------------------------------------------

--
-- Struktur dari tabel `m_ujian`
--

CREATE TABLE `m_ujian` (
  `id_ujian` int(11) NOT NULL,
  `dosen_id` int(11) NOT NULL,
  `matkul_id` int(11) NOT NULL,
  `nama_ujian` varchar(200) NOT NULL,
  `jumlah_soal` int(11) NOT NULL,
  `waktu` int(11) NOT NULL,
  `jenis` enum('acak','urut') NOT NULL,
  `tgl_mulai` datetime NOT NULL,
  `terlambat` datetime NOT NULL,
  `token` varchar(5) NOT NULL
) ENGINE=InnoDB DEFAULT CHARSET=utf8;

-- --------------------------------------------------------

--
-- Struktur dari tabel `tb_soal`
--

CREATE TABLE `tb_soal` (
  `id_soal` int(11) NOT NULL,
  `dosen_id` int(11) NOT NULL,
  `matkul_id` int(11) NOT NULL,
  `bobot` int(11) NOT NULL,
  `file` varchar(255) NOT NULL,
  `tipe_file` varchar(50) NOT NULL,
  `soal` longtext NOT NULL,
  `opsi_a` longtext NOT NULL,
  `opsi_b` longtext NOT NULL,
  `opsi_c` longtext NOT NULL,
  `opsi_d` longtext NOT NULL,
  `opsi_e` longtext NOT NULL,
  `file_a` varchar(255) NOT NULL,
  `file_b` varchar(255) NOT NULL,
  `file_c` varchar(255) NOT NULL,
  `file_d` varchar(255) NOT NULL,
  `file_e` varchar(255) NOT NULL,
  `jawaban` varchar(5) NOT NULL,
  `created_on` int(11) NOT NULL,
  `updated_on` int(11) DEFAULT NULL
) ENGINE=InnoDB DEFAULT CHARSET=utf8;

-- --------------------------------------------------------

--
-- Struktur dari tabel `users`
--

CREATE TABLE `users` (
  `id` int(11) UNSIGNED NOT NULL,
  `ip_address` varchar(45) NOT NULL,
  `username` varchar(100) DEFAULT NULL,
  `password` varchar(255) NOT NULL,
  `email` varchar(254) DEFAULT NULL,
  `activation_selector` varchar(255) DEFAULT NULL,
  `activation_code` varchar(255) DEFAULT NULL,
  `forgotten_password_selector` varchar(255) DEFAULT NULL,
  `forgotten_password_code` varchar(255) DEFAULT NULL,
  `forgotten_password_time` int(11) UNSIGNED DEFAULT NULL,
  `remember_selector` varchar(255) DEFAULT NULL,
  `remember_code` varchar(255) DEFAULT NULL,
  `created_on` int(11) UNSIGNED NOT NULL,
  `last_login` int(11) UNSIGNED DEFAULT NULL,
  `active` tinyint(1) UNSIGNED DEFAULT NULL,
  `first_name` varchar(50) DEFAULT NULL,
  `last_name` varchar(50) DEFAULT NULL,
  `company` varchar(100) DEFAULT NULL,
  `phone` varchar(20) DEFAULT NULL
) ENGINE=InnoDB DEFAULT CHARSET=utf8;

--
-- Dumping data untuk tabel `users`
--

INSERT INTO `users` (`id`, `ip_address`, `username`, `password`, `email`, `activation_selector`, `activation_code`, `forgotten_password_selector`, `forgotten_password_code`, `forgotten_password_time`, `remember_selector`, `remember_code`, `created_on`, `last_login`, `active`, `first_name`, `last_name`, `company`, `phone`) VALUES
(1, '127.0.0.1', 'Administrator', '$2y$12$tGY.AtcyXrh7WmccdbT1rOuKEcTsKH6sIUmDr0ore1yN4LnKTTtuu', 'admin@admin.com', NULL, '', NULL, NULL, NULL, NULL, NULL, 1268889823, 1655794485, 1, 'Admin', 'Istrator', 'ADMIN', '0'),
(56, '::1', '1122334455', '$2y$12$Ckcb.DzPTdRwD8MlTAA20Ozw.fG1CBE4hX4LilzBtTGcNJ2u.HjbW', 'teknik@kkn.com', NULL, NULL, NULL, NULL, NULL, NULL, NULL, 1655273979, 1655277979, 1, 'Arek', 'Teknik', NULL, NULL),
(103, '::1', '1234567801', '$2y$10$67EJcJRiPbS4VT40LRe4A.nS/X17tThnS0Nw/Tpueo2nafEXwBvdG', 'gurusmp01@kkn.com', NULL, NULL, NULL, NULL, NULL, NULL, NULL, 1655795651, 1655795676, 1, 'Guru', 'PRE', NULL, NULL),
(104, '::1', '1234567802', '$2y$10$syORcBB95.kGUqaoHF6Hde1BSJbGNg6lmtVKKpmKeEJ0H92cvMyOq', 'gurusmp02@kkn.com', NULL, NULL, NULL, NULL, NULL, NULL, NULL, 1655795652, 1655795699, 1, 'Guru', 'POST', NULL, NULL),
(105, '::1', '12345678131', '$2y$10$6bJ4r7r7YtBoyXwRmH4A5OaGgQvG6QIqFcVkv.PAy0nW0vZurYcbC', 'gurusd131@kkn.com', NULL, NULL, NULL, NULL, NULL, NULL, NULL, 1655795653, 1655795716, 1, 'Guru', 'PRE', NULL, NULL),
(106, '::1', '12345678132', '$2y$10$laQDqHs4.3BELHyIMqBtl.4.eH8hV.nL6A32X.2sQ5vRxid5AO99O', 'gurusd132@kkn.com', NULL, NULL, NULL, NULL, NULL, NULL, NULL, 1655795654, 1655795732, 1, 'Guru', 'POST', NULL, NULL),
(107, '::1', '12345678461', '$2y$10$wV9iYTaz50.SvfIEwwJluOOrUKvBi0h1IgtySzAsEaxPO6ycz7O92', 'gurusd461@kkn.com', NULL, NULL, NULL, NULL, NULL, NULL, NULL, 1655795655, 1655795757, 1, 'Guru', 'PRE', NULL, NULL),
(108, '::1', '12345678462', '$2y$10$OVvaMCaI.AUG2GXkiJUDfuS98ikguPQauXJyebiYCwtrXKAADREhW', 'gurusd462@kkn.com', NULL, NULL, NULL, NULL, NULL, NULL, NULL, 1655795659, 1655797193, 1, 'Guru', 'POST', NULL, NULL);

-- --------------------------------------------------------

--
-- Struktur dari tabel `users_groups`
--

CREATE TABLE `users_groups` (
  `id` int(11) UNSIGNED NOT NULL,
  `user_id` int(11) UNSIGNED NOT NULL,
  `group_id` mediumint(8) UNSIGNED NOT NULL
) ENGINE=InnoDB DEFAULT CHARSET=utf8;

--
-- Dumping data untuk tabel `users_groups`
--

INSERT INTO `users_groups` (`id`, `user_id`, `group_id`) VALUES
(3, 1, 1),
(58, 56, 1),
(105, 103, 2),
(106, 104, 2),
(107, 105, 2),
(108, 106, 2),
(109, 107, 2),
(110, 108, 2);

--
-- Indexes for dumped tables
--

--
-- Indeks untuk tabel `dosen`
--
ALTER TABLE `dosen`
  ADD PRIMARY KEY (`id_dosen`),
  ADD UNIQUE KEY `email` (`email`),
  ADD UNIQUE KEY `nip` (`nip`),
  ADD KEY `matkul_id` (`matkul_id`);

--
-- Indeks untuk tabel `groups`
--
ALTER TABLE `groups`
  ADD PRIMARY KEY (`id`);

--
-- Indeks untuk tabel `h_ujian`
--
ALTER TABLE `h_ujian`
  ADD PRIMARY KEY (`id`),
  ADD KEY `ujian_id` (`ujian_id`),
  ADD KEY `mahasiswa_id` (`mahasiswa_id`);

--
-- Indeks untuk tabel `jurusan`
--
ALTER TABLE `jurusan`
  ADD PRIMARY KEY (`id_jurusan`);

--
-- Indeks untuk tabel `jurusan_matkul`
--
ALTER TABLE `jurusan_matkul`
  ADD PRIMARY KEY (`id`),
  ADD KEY `jurusan_id` (`jurusan_id`),
  ADD KEY `matkul_id` (`matkul_id`);

--
-- Indeks untuk tabel `kelas`
--
ALTER TABLE `kelas`
  ADD PRIMARY KEY (`id_kelas`),
  ADD KEY `jurusan_id` (`jurusan_id`);

--
-- Indeks untuk tabel `kelas_dosen`
--
ALTER TABLE `kelas_dosen`
  ADD PRIMARY KEY (`id`),
  ADD KEY `kelas_id` (`kelas_id`),
  ADD KEY `dosen_id` (`dosen_id`);

--
-- Indeks untuk tabel `login_attempts`
--
ALTER TABLE `login_attempts`
  ADD PRIMARY KEY (`id`);

--
-- Indeks untuk tabel `mahasiswa`
--
ALTER TABLE `mahasiswa`
  ADD PRIMARY KEY (`id_mahasiswa`),
  ADD UNIQUE KEY `nim` (`nim`),
  ADD UNIQUE KEY `email` (`email`),
  ADD KEY `kelas_id` (`kelas_id`);

--
-- Indeks untuk tabel `matkul`
--
ALTER TABLE `matkul`
  ADD PRIMARY KEY (`id_matkul`);

--
-- Indeks untuk tabel `m_ujian`
--
ALTER TABLE `m_ujian`
  ADD PRIMARY KEY (`id_ujian`),
  ADD KEY `matkul_id` (`matkul_id`),
  ADD KEY `dosen_id` (`dosen_id`);

--
-- Indeks untuk tabel `tb_soal`
--
ALTER TABLE `tb_soal`
  ADD PRIMARY KEY (`id_soal`),
  ADD KEY `matkul_id` (`matkul_id`),
  ADD KEY `dosen_id` (`dosen_id`);

--
-- Indeks untuk tabel `users`
--
ALTER TABLE `users`
  ADD PRIMARY KEY (`id`),
  ADD UNIQUE KEY `uc_activation_selector` (`activation_selector`),
  ADD UNIQUE KEY `uc_forgotten_password_selector` (`forgotten_password_selector`),
  ADD UNIQUE KEY `uc_remember_selector` (`remember_selector`),
  ADD UNIQUE KEY `uc_email` (`email`) USING BTREE;

--
-- Indeks untuk tabel `users_groups`
--
ALTER TABLE `users_groups`
  ADD PRIMARY KEY (`id`),
  ADD UNIQUE KEY `uc_users_groups` (`user_id`,`group_id`),
  ADD KEY `fk_users_groups_users1_idx` (`user_id`),
  ADD KEY `fk_users_groups_groups1_idx` (`group_id`);

--
-- AUTO_INCREMENT untuk tabel yang dibuang
--

--
-- AUTO_INCREMENT untuk tabel `dosen`
--
ALTER TABLE `dosen`
  MODIFY `id_dosen` int(11) NOT NULL AUTO_INCREMENT, AUTO_INCREMENT=7;

--
-- AUTO_INCREMENT untuk tabel `groups`
--
ALTER TABLE `groups`
  MODIFY `id` mediumint(8) UNSIGNED NOT NULL AUTO_INCREMENT, AUTO_INCREMENT=4;

--
-- AUTO_INCREMENT untuk tabel `h_ujian`
--
ALTER TABLE `h_ujian`
  MODIFY `id` int(11) NOT NULL AUTO_INCREMENT;

--
-- AUTO_INCREMENT untuk tabel `jurusan`
--
ALTER TABLE `jurusan`
  MODIFY `id_jurusan` int(11) NOT NULL AUTO_INCREMENT, AUTO_INCREMENT=2;

--
-- AUTO_INCREMENT untuk tabel `jurusan_matkul`
--
ALTER TABLE `jurusan_matkul`
  MODIFY `id` int(11) NOT NULL AUTO_INCREMENT, AUTO_INCREMENT=7;

--
-- AUTO_INCREMENT untuk tabel `kelas`
--
ALTER TABLE `kelas`
  MODIFY `id_kelas` int(11) NOT NULL AUTO_INCREMENT, AUTO_INCREMENT=14;

--
-- AUTO_INCREMENT untuk tabel `kelas_dosen`
--
ALTER TABLE `kelas_dosen`
  MODIFY `id` int(11) NOT NULL AUTO_INCREMENT, AUTO_INCREMENT=7;

--
-- AUTO_INCREMENT untuk tabel `login_attempts`
--
ALTER TABLE `login_attempts`
  MODIFY `id` int(11) UNSIGNED NOT NULL AUTO_INCREMENT, AUTO_INCREMENT=64;

--
-- AUTO_INCREMENT untuk tabel `mahasiswa`
--
ALTER TABLE `mahasiswa`
  MODIFY `id_mahasiswa` int(11) NOT NULL AUTO_INCREMENT, AUTO_INCREMENT=35;

--
-- AUTO_INCREMENT untuk tabel `matkul`
--
ALTER TABLE `matkul`
  MODIFY `id_matkul` int(11) NOT NULL AUTO_INCREMENT, AUTO_INCREMENT=7;

--
-- AUTO_INCREMENT untuk tabel `m_ujian`
--
ALTER TABLE `m_ujian`
  MODIFY `id_ujian` int(11) NOT NULL AUTO_INCREMENT;

--
-- AUTO_INCREMENT untuk tabel `tb_soal`
--
ALTER TABLE `tb_soal`
  MODIFY `id_soal` int(11) NOT NULL AUTO_INCREMENT;

--
-- AUTO_INCREMENT untuk tabel `users`
--
ALTER TABLE `users`
  MODIFY `id` int(11) UNSIGNED NOT NULL AUTO_INCREMENT, AUTO_INCREMENT=109;

--
-- AUTO_INCREMENT untuk tabel `users_groups`
--
ALTER TABLE `users_groups`
  MODIFY `id` int(11) UNSIGNED NOT NULL AUTO_INCREMENT, AUTO_INCREMENT=111;

--
-- Ketidakleluasaan untuk tabel pelimpahan (Dumped Tables)
--

--
-- Ketidakleluasaan untuk tabel `dosen`
--
ALTER TABLE `dosen`
  ADD CONSTRAINT `dosen_ibfk_1` FOREIGN KEY (`matkul_id`) REFERENCES `matkul` (`id_matkul`);

--
-- Ketidakleluasaan untuk tabel `h_ujian`
--
ALTER TABLE `h_ujian`
  ADD CONSTRAINT `h_ujian_ibfk_1` FOREIGN KEY (`ujian_id`) REFERENCES `m_ujian` (`id_ujian`),
  ADD CONSTRAINT `h_ujian_ibfk_2` FOREIGN KEY (`mahasiswa_id`) REFERENCES `mahasiswa` (`id_mahasiswa`);

--
-- Ketidakleluasaan untuk tabel `jurusan_matkul`
--
ALTER TABLE `jurusan_matkul`
  ADD CONSTRAINT `jurusan_matkul_ibfk_1` FOREIGN KEY (`jurusan_id`) REFERENCES `jurusan` (`id_jurusan`),
  ADD CONSTRAINT `jurusan_matkul_ibfk_2` FOREIGN KEY (`matkul_id`) REFERENCES `matkul` (`id_matkul`);

--
-- Ketidakleluasaan untuk tabel `kelas_dosen`
--
ALTER TABLE `kelas_dosen`
  ADD CONSTRAINT `kelas_dosen_ibfk_1` FOREIGN KEY (`dosen_id`) REFERENCES `dosen` (`id_dosen`),
  ADD CONSTRAINT `kelas_dosen_ibfk_2` FOREIGN KEY (`kelas_id`) REFERENCES `kelas` (`id_kelas`);

--
-- Ketidakleluasaan untuk tabel `mahasiswa`
--
ALTER TABLE `mahasiswa`
  ADD CONSTRAINT `mahasiswa_ibfk_2` FOREIGN KEY (`kelas_id`) REFERENCES `kelas` (`id_kelas`);

--
-- Ketidakleluasaan untuk tabel `m_ujian`
--
ALTER TABLE `m_ujian`
  ADD CONSTRAINT `m_ujian_ibfk_1` FOREIGN KEY (`dosen_id`) REFERENCES `dosen` (`id_dosen`),
  ADD CONSTRAINT `m_ujian_ibfk_2` FOREIGN KEY (`matkul_id`) REFERENCES `matkul` (`id_matkul`);

--
-- Ketidakleluasaan untuk tabel `tb_soal`
--
ALTER TABLE `tb_soal`
  ADD CONSTRAINT `tb_soal_ibfk_1` FOREIGN KEY (`matkul_id`) REFERENCES `matkul` (`id_matkul`),
  ADD CONSTRAINT `tb_soal_ibfk_2` FOREIGN KEY (`dosen_id`) REFERENCES `dosen` (`id_dosen`);

--
-- Ketidakleluasaan untuk tabel `users_groups`
--
ALTER TABLE `users_groups`
  ADD CONSTRAINT `fk_users_groups_groups1` FOREIGN KEY (`group_id`) REFERENCES `groups` (`id`) ON DELETE CASCADE ON UPDATE NO ACTION,
  ADD CONSTRAINT `fk_users_groups_users1` FOREIGN KEY (`user_id`) REFERENCES `users` (`id`) ON DELETE CASCADE ON UPDATE NO ACTION;
COMMIT;

/*!40101 SET CHARACTER_SET_CLIENT=@OLD_CHARACTER_SET_CLIENT */;
/*!40101 SET CHARACTER_SET_RESULTS=@OLD_CHARACTER_SET_RESULTS */;
/*!40101 SET COLLATION_CONNECTION=@OLD_COLLATION_CONNECTION */;
